-- ═══════════════════════════════════════
--  계정 시드 데이터
-- ═══════════════════════════════════════
INSERT INTO accounts (login_id, pw_hash, name, rank, tel, email, role) VALUES
  ('admin', 'dkh2025!', '관리자', '', '', '', 'admin'),
  ('user1', 'dkh1234', '사용자1', '', '', '', 'user'),
  ('user2', 'dkh1234', '사용자2', '', '', '', 'user'),
  ('user3', 'dkh1234', '사용자3', '', '', '', 'user');

-- ═══════════════════════════════════════
--  납품처 시드 데이터 (27건)
-- ═══════════════════════════════════════
INSERT INTO clients (name, manager, tel, addr, time, lunch, note, active) VALUES
  ('㈜맘스터치', NULL, NULL, '충북 진천군 덕산읍 신척산단 1로 5 1블록', '09:00~17:00', '12:30~13:30', '하차순서 : 9시부터 순번대로 하차(경비실 앞에 순서 기재)', TRUE),
  ('BGF리테일', NULL, NULL, NULL, '09:00~17:00', '12:30~13:30', NULL, TRUE),
  ('SNC세인INC백암', NULL, NULL, NULL, '09:00~17:00', '12:30~13:30', NULL, TRUE),
  ('SNC세인INC양산', NULL, NULL, NULL, '09:00~17:00', '12:30~13:30', NULL, TRUE),
  ('더로스팅 (커피에반하다)', NULL, NULL, NULL, '09:00~17:00', '12:30~13:30', NULL, TRUE),
  ('더로스팅B (커피에반하다)', NULL, NULL, NULL, '09:00~17:00', '12:30~13:30', NULL, TRUE),
  ('더젬코리아', NULL, NULL, NULL, '09:00~17:00', '12:30~13:30', NULL, TRUE),
  ('물류하랑', NULL, NULL, NULL, '09:00~17:00', '12:30~13:30', NULL, TRUE),
  ('민성(카페일분)', NULL, NULL, NULL, '09:00~17:00', '12:30~13:30', NULL, TRUE),
  ('블루파인', NULL, NULL, NULL, '09:00~17:00', '12:30~13:30', NULL, TRUE),
  ('성유', NULL, NULL, NULL, '09:00~17:00', '12:30~13:30', NULL, TRUE),
  ('아미', NULL, NULL, NULL, '09:00~17:00', '12:30~13:30', NULL, TRUE),
  ('아미에프앤엘', NULL, NULL, NULL, '09:00~17:00', '12:30~13:30', NULL, TRUE),
  ('아이스올리', NULL, NULL, NULL, '09:00~17:00', '12:30~13:30', NULL, TRUE),
  ('아이스푸드', NULL, NULL, NULL, '09:00~17:00', '12:30~13:30', NULL, TRUE),
  ('아이제제', NULL, NULL, NULL, '09:00~17:00', '12:30~13:30', NULL, TRUE),
  ('어니스트', NULL, NULL, NULL, '09:00~17:00', '12:30~13:30', NULL, TRUE),
  ('우신냉장', NULL, NULL, NULL, '09:00~17:00', '12:30~13:30', NULL, TRUE),
  ('웰팜', NULL, NULL, NULL, '09:00~17:00', '12:30~13:30', NULL, TRUE),
  ('이디야', NULL, NULL, NULL, '09:00~17:00', '12:30~13:30', NULL, TRUE),
  ('정화식품', NULL, NULL, NULL, '09:00~17:00', '12:30~13:30', NULL, TRUE),
  ('제주냉동', NULL, NULL, NULL, '09:00~17:00', '12:30~13:30', NULL, TRUE),
  ('차고운', NULL, NULL, NULL, '09:00~17:00', '12:30~13:30', NULL, TRUE),
  ('참조아', NULL, NULL, NULL, '09:00~17:00', '12:30~13:30', NULL, TRUE),
  ('팔도테크', NULL, NULL, NULL, '09:00~17:00', '12:30~13:30', NULL, TRUE),
  ('팜앤들(신세계푸드용)', NULL, NULL, NULL, '09:00~17:00', '12:30~13:30', NULL, TRUE),
  ('해밀아이스', NULL, NULL, NULL, '09:00~17:00', '12:30~13:30', NULL, TRUE);

-- ═══════════════════════════════════════
--  품목 시드 데이터 (178건)
-- ═══════════════════════════════════════
INSERT INTO products (no, gubun, client, name1, name2, supplier, cost_price, sell_price, ea_per_b, box_per_p, ea_per_p, pallets_per_truck) VALUES
  (1, '뚜껑', '아이스올리', 'Ø98mmCU-빨대 대체뚜껑', '98Ф빨대대체뚜껑(CU)', '동국', 13.5, 16, 1800, 24, 43200, 12),
  (2, '뚜껑', '아이스올리', 'Ø92.5mmGS-세븐빨대 대체뚜껑', '92.5Ф빨대대체뚜껑(무지)', '동국', 12, 14, 2000, 24, 48000, 12),
  (3, '뚜껑', '아이스올리', 'Ø107mmGS빨대 대체뚜껑', '벤티뚜껑(107Ø뚜껑)', '동국', NULL, 23.5, 1500, 20, 30000, 12),
  (4, '컵', '아이스올리', 'Ø92.5-610ml세븐컵', 'Ø92.5-610ml세븐컵', '동국', 52, 57, 800, 24, 19200, 16),
  (5, '컵', '아이스올리', 'Ø98-670ml CU양각컵', 'Ø98-670ml CU양각컵', '동국', 67.5, 72, 810, 18, 14580, 14),
  (6, '컵', '아이스올리', 'Ø98-670ml CU양각컵', 'Ø98-670ml CU양각컵', '팔도', 65.5, 72, 810, 18, 14580, 14),
  (7, '컵', '아이스올리', 'Ø98-670ml GS무지컵', 'Ø98-670ml GS무지컵', '동국', 67.5, 72, 810, 18, 14580, 14),
  (8, '컵', '아이스올리', 'Ø98-670ml GS무지컵', 'Ø98-670ml GS무지컵', '팔도', 65.5, 72, 810, 18, 14580, 14),
  (9, '컵', '아이스올리', 'Ø98-670ml 성수310컵', 'Ø98-670ml 성수310컵', '팔도', 65.5, 72, 810, 18, 14580, 14),
  (10, '컵', '아이스올리', 'Ø98.5-730ml 그란데컵', 'Ø98.5-730ml 그란데컵', '팔도', 69.5, 76, 810, 18, 14580, 16),
  (11, '컵', '아이스올리', 'Ø107-1000ml CU벤티컵', 'Ø107-1000ml CU벤티컵', '동국', 103, 118, 720, 18, 12960, 14),
  (12, '컵', '아이스올리', 'Ø107-1000ml GS벤티컵', 'Ø107-1000ml GS벤티컵', '동국', 103, 118, 720, 18, 12960, 14),
  (13, '컵', '아이스올리', 'Ø107-940ml 세븐벤티무지컵', 'Ø107-940ml 세븐벤티무지컵', '동국', 103, 111, 720, 18, 12960, 14),
  (14, '컵', '아이스올리', 'Ø92.5-480ml CU양각컵', 'Ø92.5-480ml CU양각컵', '동국', 41, 44, 1000, 24, 24000, 14),
  (15, '컵', '아이스올리', 'Ø92.5-480ml CU양각컵', 'Ø92.5-480ml CU양각컵', '팔도', 40.5, 44, 1000, 24, 24000, 14),
  (16, '컵', '아이스올리', 'Ø92.5-480ml GS무지컵', 'Ø92.5-480ml GS무지컵', '동국', 41, 44, 1000, 24, 24000, 14),
  (17, '컵', '아이스올리', 'Ø92.5-480ml GS무지컵', 'Ø92.5-480ml GS무지컵', '팔도', 40.5, 44, 1000, 24, 24000, 14),
  (18, '컵', '아이스올리', 'Ø92.5-480ml 성수310컵', 'Ø92.5-480ml 성수310컵', '팔도', 40.5, 44, 1000, 24, 24000, 14),
  (19, '컵', '아이스올리', 'Ø92.5-480ml 세븐양각컵', 'Ø92.5-480ml 세븐양각컵', '팔도', 40.5, 44, 1000, 24, 24000, 14),
  (20, '컵', '차고운', 'Ø92.5-375ml 스무디컵(무인쇄)', 'Ø92.5-375ml 스무디컵(무인쇄)', '동일', NULL, 56, 1000, 24, 24000, 12),
  (21, '컵', '차고운', 'Ø92.5-375ml 스무디컵(인쇄)', 'Ø92.5-375ml 스무디컵(인쇄)', '동일', NULL, 66, 1000, 24, 24000, 12),
  (22, '뚜껑', '차고운', 'Ø92.5 평뚜껑컵', 'Ø92.5 평뚜껑컵', '동국', 10.5, 11, NULL, NULL, NULL, NULL),
  (24, '컵', '아이스푸드', 'Ø107-1000ml CU벤티컵', 'Ø107-1000ml CU벤티컵', '동국', 103, 118, 720, 18, 12960, 14),
  (25, '컵', '아이스푸드', 'Ø107-1000ml GS벤티컵', 'Ø107-1000ml GS벤티컵', '동국', 103, 118, 720, 18, 12960, 14),
  (26, '컵', '아이스푸드', 'Ø107-940ml 세븐벤티무지컵', 'Ø107-940ml 세븐벤티무지컵', '동국', 103, 118, 720, 18, 12960, 14),
  (27, '뚜껑', '아이스푸드', 'Ø107mmGS빨대 대체뚜껑', '벤티뚜껑(107Ø뚜껑)', '동국', 22, 24, 1500, 20, 30000, 12),
  (28, '컵', '아이스푸드', 'Ø92.5-480ml GS무지컵', 'Ø92.5-480ml GS무지컵', '팔도', 40, 42, 1000, 24, 24000, 14),
  (29, '컵', '아이스푸드', 'Ø92.5-480ml GS무지컵', 'Ø92.5-480ml GS무지컵', '동국', 41, 42, 1000, 24, 24000, 14),
  (30, '컵', '아이스푸드', 'Ø92.5-480ml CU양각컵', 'Ø92.5-480ml CU양각컵', '동국', 41, 42, 1000, 24, 24000, 14),
  (31, '컵', '아이스푸드', 'Ø92.5-480ml CU양각컵', 'Ø92.5-480ml CU양각컵', '팔도', 40, 42, 1000, 24, 24000, 14),
  (32, '컵', '아이스푸드', 'Ø92.5-480ml 세븐양각컵', 'Ø92.5-480ml 세븐양각컵', '동국', 41, 42, 1000, 24, 24000, 14),
  (33, '컵', '아이스푸드', 'Ø92.5-480ml 세븐양각컵', 'Ø92.5-480ml 세븐양각컵', '팔도', 40, 42, 1000, 24, 24000, 14),
  (34, '컵', '아이스푸드', 'Ø92.5-610ml세븐컵', 'Ø92.5-610ml세븐컵', '동국', 52, 56, 800, 24, 19200, 16),
  (35, '컵', '아이스푸드', 'Ø92.5-610ml세븐컵', 'Ø92.5-610ml세븐컵', '팔도', 52, 56, 800, 24, 19200, 16),
  (36, '컵', '아이스푸드', 'Ø98.5-730ml 그란데컵', 'Ø98.5-730ml 그란데컵', '팔도', 69.5, 76, 810, 18, 14580, 16),
  (37, '컵', '아이스푸드', 'Ø98-670ml GS무지컵', 'Ø98-670ml GS무지컵', '동국', 65.5, 67.5, 810, 18, 14580, 14),
  (38, '컵', '아이스푸드', 'Ø98-670ml GS무지컵', 'Ø98-670ml GS무지컵', '팔도', 64, 67.5, 810, 18, 14580, 14),
  (39, '컵', '아이스푸드', 'Ø98-670ml CU양각컵', 'Ø98-670ml CU양각컵', '동국', 65.5, 67.5, 810, 18, 14580, 14),
  (40, '컵', '아이스푸드', 'Ø98-670ml CU양각컵', 'Ø98-670ml CU양각컵', '팔도', 64, 67.5, 810, 18, 14580, 14),
  (41, '뚜껑', '아이스푸드', 'Ø98mmCU-빨대 대체뚜껑', '98Ф빨대대체뚜껑(CU)', '동국', 13.5, 16, 1800, 24, 43200, 12),
  (42, '뚜껑', '아이스푸드', 'Ø98mmGS-세븐빨대 대체뚜껑', '98Ф빨대대체뚜껑(무지)', '동국', 13.5, 16, 1800, 24, 43200, 12),
  (43, '뚜껑', '아이스푸드', 'Ø92.5mmGS-세븐빨대 대체뚜껑', '92.5Ф빨대대체뚜껑(무지)', '동국', 12, 13.5, 2000, 24, 48000, 12),
  (45, '뚜껑', '제주냉동', 'Ø98mmCU-빨대 대체뚜껑', '98Ф빨대대체뚜껑(CU)', '동국', 13.5, 16.5, 1800, 24, 43200, 12),
  (46, '뚜껑', '제주냉동', 'Ø98mmGS-세븐빨대 대체뚜껑', '98Ф빨대대체뚜껑(무지)', '동국', 13.5, 16.5, 1800, 24, 43200, 12),
  (47, '컵', '제주냉동', 'Ø98-670ml CU양각컵', 'Ø98-670ml CU양각컵', '팔도', 65.5, 73, 810, 18, 14580, 14),
  (48, '컵', '제주냉동', 'Ø98-670ml GS무지컵', 'Ø98-670ml GS무지컵', '팔도', 65.5, 73, 810, 18, 14580, 14),
  (49, '컵', '제주냉동', 'Ø98-670ml CU양각컵', 'Ø98-670ml CU양각컵', '동국', 67.5, 73, 810, 18, 14580, 14),
  (50, '컵', '제주냉동', 'Ø98-670ml GS무지컵', 'Ø98-670ml GS무지컵', '동국', 67.5, 73, 810, 18, 14580, 14),
  (51, '뚜껑', '제주냉동', 'Ø98.5-610ml세븐컵', 'Ø98.5-610ml세븐컵', '팔도', 58.5, 63, 1000, 18, 18000, 12),
  (52, '컵', '제주냉동', 'Ø92.5mmGS-세븐빨대 대체뚜껑', '92.5Ф빨대대체뚜껑(무지)', '동국', 12, 13.5, 2000, 24, 48000, 12),
  (53, '컵', '제주냉동', 'Ø92.5-480ml CU양각컵', 'Ø92.5-480ml CU양각컵', '동국', 41, 44, 1000, 24, 24000, 14),
  (54, '컵', '제주냉동', 'Ø92.5-480ml CU양각컵', 'Ø92.5-480ml CU양각컵', '팔도', 40.5, 44, 1000, 24, 24000, 14),
  (55, '컵', '제주냉동', 'Ø92.5-480ml GS무지컵', 'Ø92.5-480ml GS무지컵', '동국', 41, 44, 1000, 24, 24000, 14),
  (56, '컵', '제주냉동', 'Ø92.5-480ml GS무지컵', 'Ø92.5-480ml GS무지컵', '팔도', 40.5, 44, 1000, 24, 24000, 14),
  (57, '컵', '제주냉동', 'Ø92.5-480ml 세븐양각컵', 'Ø92.5-480ml 세븐양각컵', '팔도', 40.5, 44, 1000, 24, 24000, 14),
  (58, '컵', '제주냉동', 'Ø98.5-730ml 그란데컵', 'Ø98.5-730ml 그란데컵', '팔도', 69.5, 78, 810, 18, 14580, 16),
  (60, '뚜껑', '아미', 'Ø107mmGS빨대 대체뚜껑', '벤티뚜껑(107Ø뚜껑)', NULL, NULL, 24, 1500, 20, 30000, 12),
  (61, '뚜껑', '아미', 'Ø98mmCU-빨대 대체뚜껑', '98Ф빨대대체뚜껑(CU)', '동국', 13.5, 16, 1800, 24, 43200, 12),
  (62, '뚜껑', '아미', 'Ø98mmGS-세븐빨대 대체뚜껑', '98Ф빨대대체뚜껑(무지)', '동국', 13.5, 16, 1800, 24, 43200, 12),
  (63, '뚜껑', '아미', 'Ø92.5mmGS-세븐빨대 대체뚜껑', '92.5Ф빨대대체뚜껑(무지)', '동국', 11.5, 14, 2000, 24, 48000, 12),
  (64, '컵', '아미', 'Ø98.5-610ml세븐컵', 'Ø98.5-610ml세븐컵', '팔도', 58.5, 60, 1000, 18, 18000, 12),
  (65, '컵', '아미', 'Ø98-670ml CU양각컵', 'Ø98-670ml CU양각컵', '동국', 67.5, 74, 810, 18, 14580, 14),
  (66, '컵', '아미', 'Ø107-940ml 세븐벤티무지컵', 'Ø107-940ml 세븐벤티무지컵', '동국', 103, 115, 720, 18, 12960, 14),
  (67, '컵', '아미', 'Ø107-1000ml GS벤티컵', 'Ø107-1000ml GS벤티컵', '동국', 103, 125, 720, 18, 12960, 14),
  (68, '컵', '아미', 'Ø98.5-760ml 세븐그란데컵', 'Ø98.5-760ml 세븐그란데컵', '동국', 75, 81, 900, 18, 16200, 14),
  (69, '컵', '아미', 'Ø92.5-480ml 세븐양각컵', 'Ø92.5-480ml 세븐양각컵', '팔도', 40, 44, 1000, 24, 24000, 14),
  (70, '컵', '아미', 'Ø92.5-480ml GS무지컵', 'Ø92.5-480ml GS무지컵', '동국', 41, 44, 1000, 24, 24000, 14),
  (71, '컵', '아미에프앤엘', 'Ø92.5-375ml 스무디컵', 'Ø92.5-375ml 스무디컵', '동국', 41, 46, 1000, 24, 24000, 12),
  (72, '스트로우', '아미에프앤엘', 'Ø11.5-210mm개별포장', 'Ø11.5-210mm개별포장', '세인', 10, 11, NULL, NULL, NULL, NULL),
  (73, '컵', '아미에프앤엘', 'Ø92.5-375ml 스무디컵(인쇄)', 'Ø92.5-375ml 스무디컵(인쇄)', '동국', 47, 53, 1000, 24, 24000, 12),
  (74, '컵', '아미에프앤엘', 'Ø92.5-375ml 스무디컵(인쇄)', 'Ø92.5-375ml 스무디컵(인쇄)', '아미', 7, 7, 1000, 24, 24000, 12),
  (75, '기타', '아미에프앤엘', '인쇄비', '인쇄비', 'JC', 6, 0, NULL, NULL, NULL, NULL),
  (77, '뚜껑', '블루파인', 'Ø98mmCU-빨대 대체뚜껑', '98Ф빨대대체뚜껑(CU)', '동국', 13.5, 17, 1800, 24, 43200, 12),
  (78, '뚜껑', '블루파인', 'Ø98mmGS-세븐빨대 대체뚜껑', '98Ф빨대대체뚜껑(무지)', '동국', 13.5, 17, 1800, 24, 43200, 12),
  (79, '뚜껑', '블루파인', 'Ø92.5mmGS-세븐빨대 대체뚜껑', '92.5Ф빨대대체뚜껑(무지)', '동국', 12, 14.5, 2000, 24, 48000, 12),
  (80, '뚜껑', '블루파인', 'Ø92.5mm 평뚜껑', 'Ø92.5mm 평뚜껑', '동국', 11, 11, NULL, NULL, NULL, NULL),
  (81, '컵', '블루파인', 'Ø98-670ml CU양각컵', 'Ø98-670ml CU양각컵', '동일', 65.5, 69, 810, 18, 14580, 14),
  (82, '컵', '블루파인', 'Ø98-670ml CU양각컵', 'Ø98-670ml CU양각컵', '팔도', 64, 69, 810, 18, 14580, 14),
  (83, '컵', '블루파인', 'Ø98-670ml GS무지컵', 'Ø98-670ml GS무지컵', '팔도', 64, 69, 810, 18, 14580, 14),
  (84, '컵', '블루파인', 'Ø98-670ml GS무지컵', 'Ø98-670ml GS무지컵', '동일', 65, 69, 810, 18, 14580, 14),
  (85, '컵', '블루파인', 'Ø98-670ml 성수310컵', 'Ø98-670ml 성수310컵', '팔도', 64, 69, 810, 18, 14580, 14),
  (86, '컵', '블루파인', 'Ø92.5-480ml 성수310컵', 'Ø92.5-480ml 성수310컵', '팔도', 40, 42, 1000, 24, 24000, 14),
  (87, '컵', '블루파인', 'Ø92.5-480ml CU양각컵', 'Ø92.5-480ml CU양각컵', '팔도', 40, 42, 1000, 24, 24000, 14),
  (88, '컵', '블루파인', 'Ø92.5-480ml CU양각컵', 'Ø92.5-480ml CU양각컵', '동일', 41, 42, 1000, 24, 24000, 14),
  (89, '컵', '블루파인', 'Ø92.5-480ml GS무지컵', 'Ø92.5-480ml GS무지컵', '동일', 41, 42, 1000, 24, 24000, 14),
  (90, '컵', '블루파인', 'Ø92.5-480ml GS무지컵', 'Ø92.5-480ml GS무지컵', '팔도', 40, 42, 1000, 24, 24000, 14),
  (91, '컵', '블루파인', 'Ø92.5-375ml 스무디컵', 'Ø92.5-375ml 스무디컵', '동국', NULL, 47, 1000, 24, 24000, 12),
  (93, '컵', '우신냉장', 'Ø92.5-480ml 세븐양각컵', 'Ø92.5-480ml 세븐양각컵', '팔도', 40.5, 44, 1000, 24, 24000, 14),
  (94, '컵', '우신냉장', 'Ø98.5-610ml세븐컵', 'Ø98.5-610ml세븐컵', '팔도', 58.5, 61, 1000, 18, 18000, 12),
  (95, '컵', '우신냉장', 'Ø98.5-730ml 그란데컵', 'Ø98.5-730ml 그란데컵', '팔도', 69.5, 76, 810, 18, 14580, 16),
  (96, '컵', '우신냉장', 'Ø107-940ml 세븐벤티무지컵', 'Ø107-940ml 세븐벤티무지컵', '동국', 103, 115, 720, 18, 12960, 14),
  (98, '컵', '정화식품', 'Ø107-1000ml GS벤티컵', 'GS 엑스라지400g 컵(Ø107-1000ml GS벤티컵)', '동국', 103, 119, 720, 18, 12960, 14),
  (99, '컵', '정화식품', 'Ø98-670ml GS무지컵', 'GS 라지240g 컵(Ø98-670ml GS무지컵)', '팔도', 64, 69, 810, 18, 14580, 14),
  (100, '컵', '정화식품', 'Ø98-670ml GS무지컵', 'GS 라지240g 컵(Ø98-670ml GS무지컵)', '동일', 65.5, 69, 810, 18, 14580, 14),
  (101, '뚜껑', '정화식품', 'Ø107mmGS빨대 대체뚜껑', '드링킹리드 107파이(Ø107mmGS빨대 대체뚜껑)', '동국', 22, 24, 1500, 20, 30000, 12),
  (102, '뚜껑', '정화식품', 'Ø98mmGS-세븐빨대 대체뚜껑', '드링킹리드 98파이(Ø98mmGS-세븐빨대 대체뚜껑)', '동국', 13.5, 15.5, 1800, 24, 43200, 12),
  (104, '컵', '해밀아이스', 'Ø92.5-375ml 스무디컵', 'Ø92.5-375ml 스무디컵', NULL, NULL, 48, 1000, 24, 24000, 12),
  (105, '뚜껑', '해밀아이스', 'Ø92.5mm-빨대 대체뚜껑', 'Ø92.5mm-빨대 대체뚜껑', '동국', 12, 14.5, 2000, 24, 48000, 12),
  (107, '뚜껑', 'BGF리테일', 'Ø98mmCU-빨대 대체뚜껑', '98Ф빨대대체뚜껑(CU)', '동국', 13.5, 17.5, 1800, 24, 43200, 12),
  (108, '컵', 'BGF리테일', 'Ø98-670ml CU양각컵', 'Ø98-670ml CU양각컵', '동국', 67.5, 76, 810, 18, 14580, 14),
  (109, '컵', 'BGF리테일', 'Ø92.5-375ml 스무디컵', 'Ø92.5-375ml 스무디컵', NULL, 0, 133, 1000, 24, 24000, 12),
  (110, '뚜껑', 'BGF리테일', 'Ø92.5mm-빨대 대체뚜껑', 'Ø92.5mm-빨대 대체뚜껑', '동국', 0, 53, 2000, 24, 48000, 12),
  (111, '기타', 'BGF리테일', '운임비', '운임비', '동국', NULL, NULL, NULL, NULL, NULL, NULL),
  (113, '컵', '성유', '빙수용기130mm', '빙수용기130mm', '태방', 35, 40, NULL, NULL, NULL, NULL),
  (115, '컵', '더젬코리아', '투명컵(양각/20oz)', '투명컵(양각/20oz)', '팔도', 40, 41, NULL, NULL, NULL, NULL),
  (116, '컵', '더젬코리아', '투명컵(양각/20oz)', '투명컵(양각/20oz)', '동일', 39.5, 43, NULL, NULL, NULL, NULL),
  (117, '뚜껑', '더젬코리아', '투명컵뚜껑(SD-98)돔', '투명컵뚜껑(SD-98)돔', '동일', 12, 14, NULL, NULL, NULL, NULL),
  (118, '뚜껑', '더젬코리아', '투명컵뚜껑(평/개폐형/98파이)', '투명컵뚜껑(평/개폐형/98파이)', '동일', 12, 13.5, NULL, NULL, NULL, NULL),
  (119, '스트로우', '더젬코리아', '버블티개별포장스트로(12*250MM)', '버블티개별포장스트로(12*250MM)', '세인', 9.5, 10, NULL, NULL, NULL, NULL),
  (120, '스트로우', '더젬코리아', '개별포장스트로일자형(노랑7*250MM)', '개별포장스트로일자형(노랑7*250MM)', '세인', 4, 4.2, NULL, NULL, NULL, NULL),
  (121, '컵', '더젬코리아', '아이스크림컵1,000개/8온스/BOX)', '아이스크림컵1,000개/8온스/BOX)', NULL, 30, 31, NULL, NULL, NULL, NULL),
  (122, '스트로우', '더젬코리아', '종이스트로7-250', '종이스트로7-250', NULL, NULL, NULL, NULL, NULL, NULL, NULL),
  (123, '뚜껑', '더젬코리아', 'Ø98투명컵뚜껑(평/개폐형/98파이)', 'Ø98투명컵뚜껑(평/개폐형/98파이)', '동일', 13.5, 18, NULL, NULL, NULL, NULL),
  (124, '뚜껑', '더젬코리아', '종이컵뚜껑(20oz/검정/개폐형)', '종이컵뚜껑(20oz/검정/개폐형)', '지디알', 15.5, 18, NULL, NULL, NULL, NULL),
  (125, '컵', '더젬코리아', '투명컵(98파이20oz)', '투명컵(98파이20oz)', '동국', 40, 43, NULL, NULL, NULL, NULL),
  (126, '뚜껑', '더젬코리아', '투명컵뚜껑(돔/98파이20oz)', '투명컵뚜껑(돔/98파이20oz)', '동국', 12, 14, NULL, NULL, NULL, NULL),
  (128, '컵', '어니스트', '빙동댕아이스크림용기 Ø95.5-135ml', '빙동댕아이스크림용기 Ø95.5-135ml', '하나팩', 30, 38, NULL, NULL, NULL, NULL),
  (129, '컵', '어니스트', '빙수용기Ø135-370g', '빙수용기Ø135-370g', '태방', 37, 40, NULL, NULL, NULL, NULL),
  (130, '컵', '어니스트', '빙수용기Ø135-320g', '빙수용기Ø135-320g', '태방', 37, 40, NULL, NULL, NULL, NULL),
  (131, '컵', '어니스트', '샤베트용기Ø96-280ml', '샤베트용기Ø96-280ml', '태방', 40, 44, NULL, NULL, NULL, NULL),
  (132, '기타', '어니스트', '금형대', '금형대', NULL, NULL, NULL, NULL, NULL, NULL, NULL),
  (134, '스트로우', '물류하랑', '사선빨대(7x250mm)', '사선빨대(7x250mm)', '유성', 7, 14, NULL, NULL, NULL, NULL),
  (135, '스트로우', '물류하랑', '사선빨대(11x250mm)', '사선빨대(11x250mm)', '유성', 12, 20, NULL, NULL, NULL, NULL),
  (136, '뚜껑', '물류하랑', '종이컵pp뚜껑', '종이컵pp뚜껑', NULL, NULL, 17, NULL, NULL, NULL, NULL),
  (138, '스트로우', '더로스팅B (커피에반하다)', '7-250mm 인쇄개별포장 스트로우', '7-250mm 인쇄개별포장 스트로우', '세인', 4.8, 5.3, NULL, NULL, NULL, NULL),
  (139, '스트로우', '더로스팅 (커피에반하다)', '12-210mm 버블티개별포장 스트로우', '12-210mm 버블티개별포장 스트로우', '세인', 12, 13.2, NULL, NULL, NULL, NULL),
  (140, '뚜껑', '더로스팅 (커피에반하다)', '종이컵 리드 (extra)Ø89용', '종이컵 리드 (extra)Ø89용', '지디알', 15.5, 17, NULL, NULL, NULL, NULL),
  (141, '스트로우', '더로스팅 (커피에반하다)', '7-210mm 개별포장 스트로우외', '7-210mm 개별포장 스트로우외', '세인', 4, 5, NULL, NULL, NULL, NULL),
  (142, '스트로우', '더로스팅 (커피에반하다)', '7-210mm 벌크스트로우', '7-210mm 벌크스트로우', '세인', 2.5, 3, NULL, NULL, NULL, NULL),
  (143, '스트로우', '더로스팅B (커피에반하다)', '7-210mm 개별포장 스트로우외', '7-210mm 개별포장 스트로우외', '세인', 3, 3.6, NULL, NULL, NULL, NULL),
  (145, '컵', '웰팜', 'Ø92-12oz 인쇄컵', 'Ø92-12oz 인쇄컵', '상진', 30, 34, NULL, NULL, NULL, NULL),
  (146, '뚜껑', '웰팜', 'Ø92-평뚜껑', 'Ø92-평뚜껑', '상진', 10.5, 12.5, NULL, NULL, NULL, NULL),
  (147, '기타', '웰팜', '투명포크PS(120mm)', '투명포크PS(120mm)', '토미', 14, 19, NULL, NULL, NULL, NULL),
  (149, '스트로우', '팔도테크', '스트로우6-210벌크 맘스', '스트로우6-210벌크 맘스', '세인', 2, 2.3, NULL, NULL, NULL, NULL),
  (150, '스트로우', '팔도테크', '자바라스트로우6-240벌크 맘스', '자바라스트로우6-240벌크 맘스', '세인', 2.1, 2.6, NULL, NULL, NULL, NULL),
  (151, '스트로우', '팔도테크', '스트로우경사7-210벌크 맘스', '스트로우경사7-210벌크 맘스', '세인', 3.7, 4.2, NULL, NULL, NULL, NULL),
  (153, '컵', '참조아', 'Ø92.5-480ml GS무지컵', 'Ø92.5-480ml GS무지컵', '팔도', 40.5, 44, 1000, 24, 24000, 14),
  (154, '뚜껑', '참조아', 'Ø98mmGS-세븐빨대 대체뚜껑', '98Ф빨대대체뚜껑(무지)', '동국', 13.5, 17.5, 1800, 24, 43200, 12),
  (155, '뚜껑', '참조아', 'Ø92.5mmGS-세븐빨대 대체뚜껑', '92.5Ф빨대대체뚜껑(무지)', '동국', 12, 14, 2000, 24, 48000, 12),
  (156, '컵', '참조아', 'Ø98-670ml GS무지컵', 'Ø98-670ml GS무지컵', '팔도', 65.5, 74, 810, 18, 14580, 14),
  (158, '스트로우', '이디야', '종이컵 리드 (extra)Ø89용', '종이컵 리드 (extra)Ø89용', '지디알', 15, 16, NULL, NULL, NULL, NULL),
  (159, '스트로우', '이디야', '스픈스트로우 7*205mm', '스픈스트로우 7*205mm', '유성', 5, 6, NULL, NULL, NULL, NULL),
  (160, '스트로우', '이디야', '4323스트로우EXTRA (7*250mm)500pcs/pk@2,100', '4323스트로우EXTRA (7*250mm)500pcs/pk@2,100', '유성', 3.9, 4.2, 10000, 12, 120000, NULL),
  (161, '스트로우', '이디야', '4322스트로우쉐이크(11.5*220mm)', '4322스트로우쉐이크(11.5*220mm)', '유성', 7.6, 8.5, NULL, NULL, NULL, NULL),
  (162, '스트로우', '이디야', '4324쉐이크EXTRA(11.5*250mm)', '4324쉐이크EXTRA(11.5*250mm)', '유성', 8.5, 9.2, 2000, 24, 48000, NULL),
  (163, '뚜껑', '이디야', '4404요거트아이스크림리드(Ø96돔)', '4404요거트아이스크림리드(Ø96돔)', '태방', 18, 23, NULL, NULL, NULL, NULL),
  (164, '컵', '이디야', '4424Ø92-14oz  R', '4424Ø92-14oz  R', '팔도', 31.5, 32, NULL, NULL, NULL, NULL),
  (165, '컵', '이디야', '4597Ø92-18oz  L', '4597Ø92-18oz  L', '팔도', 34, 34.5, 900, 24, 21600, 12),
  (167, '컵', '팜앤들(신세계푸드용)', 'Ø92.5-375ml 스무디컵(무인쇄)', 'Ø92.5-375ml 스무디컵(무인쇄)', NULL, 41, 50, 1000, 24, 24000, 12),
  (168, '컵', '팜앤들(신세계푸드용)', 'Ø92.5-485ml 스무디컵(그란데)(무인쇄)', 'Ø92.5-485ml 스무디컵(그란데)(무인쇄)', '동국', 51, 57, 900, 24, 21600, 12),
  (169, '뚜껑', '팜앤들(신세계푸드용)', 'Ø92.5mmGS-세븐빨대 대체뚜껑', '92.5Ф빨대대체뚜껑(무지)', '동국', 12, 14, 2000, 24, 48000, 12),
  (170, '스트로우', '팜앤들(신세계푸드용)', 'Ø11.5*210버블티 스트로우 투명 개별포장(무인쇄)', 'Ø11.5*210버블티 스트로우 투명 개별포장(무인쇄)', '세인', 9, 10.5, 3200, NULL, NULL, NULL),
  (171, '스트로우', '팜앤들(신세계푸드용)', 'Ø11.5*210버블티 스트로우 투명 개별포장(무인쇄)', 'Ø11.5*210버블티 스트로우 투명 개별포장(무인쇄)', '코라마상사', 9.17, 10.5, 2400, NULL, NULL, NULL),
  (172, '스트로우', '팜앤들(신세계푸드용)', 'Ø11.5*210버블티 스트로우 투명 개별포장(무인쇄)', 'Ø11.5*210버블티 스트로우 투명 개별포장(무인쇄)', '세인', 9, 10.5, 3200, NULL, NULL, NULL),
  (174, '뚜껑', '아이제제', '종이컵 리드 (extra)Ø89용', '종이컵 리드 (extra)Ø89용', '지디알', 15.5, 16, NULL, NULL, NULL, NULL),
  (175, '스트로우', '아이제제', '백억커피 버블티Ø12*210mm개별포장', '백억커피 버블티Ø12*210mm개별포장', '세인', 10, 11, NULL, NULL, NULL, NULL),
  (176, '스트로우', '아이제제', '백억커피 버블티Ø12*250mm개별포장', '백억커피 버블티Ø12*250mm개별포장', '세인', 11, 12, NULL, NULL, NULL, NULL),
  (177, '스트로우', '아이제제', '백억커피Ø7*210개별포장', '백억커피Ø7*210개별포장', '세인', 3.9, 4.4, NULL, NULL, NULL, NULL),
  (178, '스트로우', '아이제제', '백억커피Ø7*250개별포장', '백억커피Ø7*250개별포장', '세인', 4.3, 4.6, NULL, NULL, NULL, NULL),
  (179, '스트로우', '아이제제', '드롭탑Ø7*210개별포장', '드롭탑Ø7*210개별포장', '세인', 3.9, 4.4, NULL, NULL, NULL, NULL),
  (181, '스트로우', '아이제제', 'Ø7*210블랙개별포장', 'Ø7*210블랙개별포장', '세인', 3.7, 4.2, NULL, NULL, NULL, NULL),
  (182, '스트로우', '아이제제', '드롭탑 버블티Ø12*250mm개별포장', '드롭탑 버블티Ø12*250mm개별포장', '세인', 11, 12, NULL, NULL, NULL, NULL),
  (183, '스트로우', '아이제제', 'Ø12*210버블티 스트로우 투명 개별포장(무인쇄)', 'Ø12*210버블티 스트로우 투명 개별포장(무인쇄)', '세인', 10, 10.5, NULL, NULL, NULL, NULL),
  (184, '스트로우', '아이제제', 'Ø7*250벌크(빨간색)', 'Ø7*250벌크(빨간색)', '세인', 2.5, 3, NULL, NULL, NULL, NULL),
  (185, '컵', '아이제제', '107-32oz컵', '107-32oz컵', '상진', 68, 70, 500, 16, 8000, 16),
  (186, '컵', '아이제제', '32온즈 투홀속컵', '32온즈 투홀속컵', '태방', 31, 37, NULL, NULL, NULL, NULL),
  (188, '컵', 'SNC세인INC양산', 'Ø107-32oz', 'Ø107-32oz', '상진', 71, 76, 500, 16, 8000, 16),
  (189, '뚜껑', 'SNC세인INC양산', 'Ø107용 cap', 'Ø107용 cap', '상진', 18, 20, 500, 48, 24000, 16),
  (190, '컵', 'SNC세인INC백암', 'Ø107-32oz', 'Ø107-32oz', '상진', 71, 76, 500, 16, 8000, 16),
  (191, '뚜껑', 'SNC세인INC백암', 'Ø107용 cap', 'Ø107용 cap', '상진', 18, 20, 500, 48, 24000, 16),
  (192, '스트로우', 'SNC세인INC양산', 'Ø7-250mm개별포장', 'Ø7-250mm개별포장', '세인', 5.1, 5.5, NULL, NULL, NULL, NULL),
  (193, '스트로우', 'SNC세인INC양산', '버블티Ø11.5-250mm개별포장', '버블티Ø11.5-250mm개별포장', '세인', 10, 11, NULL, NULL, NULL, NULL),
  (194, '스트로우', 'SNC세인INC백암', 'Ø7-250mm개별포장', 'Ø7-250mm개별포장', '세인', 5.1, 5.5, NULL, NULL, NULL, NULL),
  (195, '스트로우', 'SNC세인INC백암', '버블티Ø11.5-250mm개별포장', '버블티Ø11.5-250mm개별포장', '세인', 10, 11, NULL, NULL, NULL, NULL),
  (196, '스트로우', 'SNC세인INC백암', '커피스틱 5-210mm', '커피스틱 5-210mm', '유성', 4.9, 5.5, NULL, NULL, NULL, NULL),
  (197, '스트로우', 'SNC세인INC양산', '커피스틱 5-210mm', '커피스틱 5-210mm', '유성', 4.9, 5.5, NULL, NULL, NULL, NULL),
  (199, '컵홀더', '민성(카페일분)', 'Ø89용 10,13oz컵홀더(인쇄)', 'Ø89용 10,13oz컵홀더(인쇄)', '우아디자인', 18, 20, NULL, NULL, NULL, NULL),
  (200, '기타', '민성(카페일분)', '동판비', '동판비', '우아디자인', 35000, 35000, NULL, NULL, NULL, NULL);
